{"cameraMode":{"drawMode":0,"name":"Shaded","section":"Shading Mode"},"sceneLighting":false,"audioPlay":false,"sceneViewState":{"m_AlwaysRefresh":false,"showFog":true,"showSkybox":true,"showFlares":true,"showImageEffects":true,"showParticleSystems":true,"showVisualEffectGraphs":true,"m_FxEnabled":false},"in2DMode":false,"pivot":{"x":-1.7900761365890504,"y":1.8081281185150147,"z":-5.007699966430664},"rotation":{"x":-0.058768633753061298,"y":-0.015873711556196214,"z":0.0009346585720777512,"w":-0.9981463551521301},"size":8.120500564575196,"orthographic":false}